Order number,Lineitem name,Lineitem sku,Lineitem quantity,Shipping Name,Shipping Street,Shipping Address1,Shipping City,Shipping Zip,Shipping Province,Shipping Country,Shipping Phone
WOO243938,sticker,67c140173d8cc,1,Terry Freeman,4549 Audubon Ave,,De Leon Springs,32130,FL,US,3868486357
WOO243938,sticker,67c140173d8cc,1,Terry Freeman,4549 Audubon Ave,,De Leon Springs,32130,FL,US,3868486357
WOO243923,sticker,67c140173d8cc,1,Robert,328 Alliston Drive,,Florence,39073,MS,US,6015949148
WOO243960,sticker,67c140173d8cc,1,Braxton woodbury,1910 u street,,Heyburn,83336,ID,US,2086704842
WOO243966,sticker,67c140173d8cc,1,Nicolas,21904 S Keetonville RD,,Claremore,74019,OK,US,19186363794
WOO243965,sticker,67c140173d8cc,1,Darcy Gravelle,W6263 HARBOR LIGHTS CIRCLE,,CASCADE,53011,WI,US,(262) 993-4607
WOO243963,sticker,67c140173d8cc,1,Frank Helewski,313 Torning St N.,,Tioga ND,58852,ND,US,7013396938
WOO243955,sticker,67c140173d8cc,1,Archy,50 Warren Moody Road,,HORTENSE,31543,GA,US,9122881706
,,,,,,,,,,,
,,,,,,,,,,,
,,,,,,,,,,,
,,,,,,,,,,,
,,,,,,,,,,,
